[
    {
        "buy_cash": 17440.0,
        "buy_transfer": 17540.0,
        "currency": "AUD",
        "sell": 18046.0
    },
    {
        "buy_cash": 18636.0,
        "buy_transfer": 18736.0,
        "currency": "CAD",
        "sell": 19144.0
    },
    {
        "buy_cash": 25340.0,
        "buy_transfer": 25440.0,
        "currency": "CHF",
        "sell": 25845.0
    },
    {
        "buy_cash": 27622.0,
        "buy_transfer": 27722.0,
        "currency": "EUR",
        "sell": 28179.0
    },
    {
        "buy_cash": 32115.0,
        "buy_transfer": 32215.0,
        "currency": "GBP",
        "sell": 32623.0
    },
    {
        "buy_cash": 205.93,
        "buy_transfer": 207.43,
        "currency": "JPY",
        "sell": 212.28
    },
    {
        "buy_cash": 17094.0,
        "buy_transfer": 17194.0,
        "currency": "SGD",
        "sell": 17500.0
    },
    {
        "buy_cash": 22848.0,
        "buy_transfer": 22888.0,
        "currency": "USD",
        "sell": 23060.0
    }
]