[
    {
        "buy_cash": 16648.64,
        "buy_transfer": 16816.81,
        "currency": "AUD",
        "sell": 17344.06
    },
    {
        "buy_cash": 17818.5,
        "buy_transfer": 17998.49,
        "currency": "CAD",
        "sell": 18562.79
    },
    {
        "buy_cash": 24434.7,
        "buy_transfer": 24681.51,
        "currency": "CHF",
        "sell": 25455.35
    },
    {
        "buy_cash": 3491.54,
        "buy_transfer": 3526.81,
        "currency": "CNY",
        "sell": 3637.94
    },
    {
        "buy_cash": 0.0,
        "buy_transfer": 3588.41,
        "currency": "DKK",
        "sell": 3723.19
    },
    {
        "buy_cash": 26488.0,
        "buy_transfer": 26755.56,
        "currency": "EUR",
        "sell": 27866.29
    },
    {
        "buy_cash": 31023.03,
        "buy_transfer": 31336.4,
        "currency": "GBP",
        "sell": 32318.88
    },
    {
        "buy_cash": 2887.97,
        "buy_transfer": 2917.15,
        "currency": "HKD",
        "sell": 3008.61
    },
    {
        "buy_cash": 0.0,
        "buy_transfer": 308.1,
        "currency": "INR",
        "sell": 320.19
    },
    {
        "buy_cash": 204.16,
        "buy_transfer": 206.23,
        "currency": "JPY",
        "sell": 214.87
    },
    {
        "buy_cash": 17.42,
        "buy_transfer": 19.36,
        "currency": "KRW",
        "sell": 21.21
    },
    {
        "buy_cash": 0.0,
        "buy_transfer": 76437.2,
        "currency": "KWD",
        "sell": 79436.97
    },
    {
        "buy_cash": 0.0,
        "buy_transfer": 5423.26,
        "currency": "MYR",
        "sell": 5537.63
    },
    {
        "buy_cash": 0.0,
        "buy_transfer": 2556.67,
        "currency": "NOK",
        "sell": 2663.33
    },
    {
        "buy_cash": 0.0,
        "buy_transfer": 308.56,
        "currency": "RUB",
        "sell": 343.83
    },
    {
        "buy_cash": 0.0,
        "buy_transfer": 6120.11,
        "currency": "SAR",
        "sell": 6360.29
    },
    {
        "buy_cash": 0.0,
        "buy_transfer": 2603.93,
        "currency": "SEK",
        "sell": 2712.57
    },
    {
        "buy_cash": 16563.42,
        "buy_transfer": 16730.73,
        "currency": "SGD",
        "sell": 17255.29
    },
    {
        "buy_cash": 622.02,
        "buy_transfer": 691.14,
        "currency": "THB",
        "sell": 717.1
    },
    {
        "buy_cash": 22880.0,
        "buy_transfer": 22910.0,
        "currency": "USD",
        "sell": 23110.0
    }
]