[
    {
        "buy_cash": 16833.0,
        "buy_transfer": 16933.0,
        "currency": "AUD",
        "sell": 17483.0
    },
    {
        "buy_cash": 18026.0,
        "buy_transfer": 18126.0,
        "currency": "CAD",
        "sell": 18676.0
    },
    {
        "buy_cash": 24728.0,
        "buy_transfer": 24833.0,
        "currency": "CHF",
        "sell": 25333.0
    },
    {
        "buy_cash": 0.0,
        "buy_transfer": 3518.0,
        "currency": "CNY",
        "sell": 3628.0
    },
    {
        "buy_cash": 0.0,
        "buy_transfer": 3603.0,
        "currency": "DKK",
        "sell": 3733.0
    },
    {
        "buy_cash": 26607.0,
        "buy_transfer": 26632.0,
        "currency": "EUR",
        "sell": 27727.0
    },
    {
        "buy_cash": 31399.0,
        "buy_transfer": 31449.0,
        "currency": "GBP",
        "sell": 32409.0
    },
    {
        "buy_cash": 2887.0,
        "buy_transfer": 2902.0,
        "currency": "HKD",
        "sell": 3037.0
    },
    {
        "buy_cash": 204.47,
        "buy_transfer": 204.97,
        "currency": "JPY",
        "sell": 213.47
    },
    {
        "buy_cash": 18.38,
        "buy_transfer": 19.18,
        "currency": "KRW",
        "sell": 21.98
    },
    {
        "buy_cash": 0.0,
        "buy_transfer": 2.22,
        "currency": "LAK",
        "sell": 2.67
    },
    {
        "buy_cash": 0.0,
        "buy_transfer": 2570.0,
        "currency": "NOK",
        "sell": 2650.0
    },
    {
        "buy_cash": 15921.0,
        "buy_transfer": 16004.0,
        "currency": "NZD",
        "sell": 16291.0
    },
    {
        "buy_cash": 0.0,
        "buy_transfer": 2627.0,
        "currency": "SEK",
        "sell": 2677.0
    },
    {
        "buy_cash": 16534.0,
        "buy_transfer": 16634.0,
        "currency": "SGD",
        "sell": 17234.0
    },
    {
        "buy_cash": 649.71,
        "buy_transfer": 694.05,
        "currency": "THB",
        "sell": 717.71
    },
    {
        "buy_cash": 22890.0,
        "buy_transfer": 22910.0,
        "currency": "USD",
        "sell": 23110.0
    }
]