[
    {
        "buy_cash": 16594.0,
        "buy_transfer": 16828.0,
        "currency": "AUD",
        "sell": 17430.0
    },
    {
        "buy_cash": 17808.0,
        "buy_transfer": 18024.0,
        "currency": "CAD",
        "sell": 18625.0
    },
    {
        "buy_cash": 24499.0,
        "buy_transfer": 24761.0,
        "currency": "CHF",
        "sell": 25364.0
    },
    {
        "buy_cash": 0.0,
        "buy_transfer": 3497.0,
        "currency": "CNY",
        "sell": 3628.0
    },
    {
        "buy_cash": 26643.0,
        "buy_transfer": 26861.0,
        "currency": "EUR",
        "sell": 27863.0
    },
    {
        "buy_cash": 31118.0,
        "buy_transfer": 31379.0,
        "currency": "GBP",
        "sell": 32281.0
    },
    {
        "buy_cash": 0.0,
        "buy_transfer": 2832.0,
        "currency": "HKD",
        "sell": 3032.0
    },
    {
        "buy_cash": 205.24,
        "buy_transfer": 205.26,
        "currency": "JPY",
        "sell": 214.28
    },
    {
        "buy_cash": 0.0,
        "buy_transfer": 0.0,
        "currency": "KRW",
        "sell": 23.0
    },
    {
        "buy_cash": 0.0,
        "buy_transfer": 5399.0,
        "currency": "MYR",
        "sell": 5553.0
    },
    {
        "buy_cash": 16639.0,
        "buy_transfer": 16733.0,
        "currency": "SGD",
        "sell": 17335.0
    },
    {
        "buy_cash": 675.0,
        "buy_transfer": 683.0,
        "currency": "THB",
        "sell": 733.0
    },
    {
        "buy_cash": 22890.0,
        "buy_transfer": 22910.0,
        "currency": "USD",
        "sell": 23105.0
    }
]